Month_Number,Predicted_Sales
13,2792.424242424242
14,2928.438228438228
15,3064.4522144522143
